iso,countryname,year,hum_spend
AFG,Afghanistan,2013," 487,757,424 "
ALB,Albania,2013, -   
DZA,Algeria,2013," 23,682,188 "
ASM,American Samoa,2013, -   
AGO,Angola,2013," 23,114,033 "
AIA,Anguilla (United Kingdom),2013, -   
ATG,Antigua and Barbuda,2013," 626,648 "
ARG,Argentina,2013," 4,376,905 "
ARM,Armenia,2013," 2,429,550 "
ABW,Aruba,2013, -   
AUS,Australia,2013, -   
AUT,Austria,2013, -   
AZE,Azerbaijan,2013," 957,364 "
BHS,Bahamas,2013, -   
BGD,Bangladesh,2013," 33,396,841 "
BRB,Barbados,2013, -   
BLR,Belarus,2013," 11,020 "
BEL,Belgium,2013, -   
BLZ,Belize,2013, -   
BEN,Benin,2013," 3,113,388 "
BTN,Bhutan,2013," 735,127 "
BOL,"Bolivia, Plurinational State of",2013," 9,660,306 "
BIH,Bosnia and Herzegovina,2013," 3,666,373 "
BWA,Botswana,2013, -   
BRA,Brazil,2013," 957,854 "
BGR,Bulgaria,2013," 1,436,729 "
BFA,Burkina Faso,2013," 102,169,552 "
BDI,Burundi,2013," 22,431,066 "
KHM,Cambodia,2013," 9,386,412 "
CMR,Cameroon,2013," 26,925,985 "
CAN,Canada,2013, -   
CPV,Cape Verde,2013, -   
CAF,Central African Republic,2013," 143,510,134 "
TCD,Chad,2013," 277,423,055 "
CHL,Chile,2013," 1,587,783 "
CHN,China,2013," 1,293,337 "
COL,Colombia,2013," 52,249,585 "
COM,Comoros,2013, -   
COG,Congo,2013," 3,312,309 "
COD,"Congo, The Democratic Republic of the",2013," 623,761,073 "
COK,Cook Islands,2013," 455,954 "
CRI,Costa Rica,2013," 18,717 "
CIV,Côte d'Ivoire,2013," 32,305,908 "
HRV,Croatia,2013, -   
CUB,Cuba,2013," 2,044,395 "
CUW,Curaçao,2013, -   
CYP,Cyprus,2013," 12,144 "
CZE,Czech Republic,2013, -   
DNK,Denmark,2013, -   
DJI,Djibouti,2013," 31,824,255 "
DMA,Dominica,2013," 100,708 "
DOM,Dominican Republic,2013," 5,065,013 "
ECU,Ecuador,2013," 1,830,178 "
EGY,Egypt,2013," 47,353,916 "
SLV,El Salvador,2013," 131,741 "
GNQ,Equatorial Guinea,2013, -   
ERI,Eritrea,2013," 4,626,783 "
EST,Estonia,2013, -   
SWZ,Eswatini,2013," 401,687 "
ETH,Ethiopia,2013," 532,475,155 "
EUI,European Commission,2013, -   
FLK,Falkland Islands (Malvinas),2013, -   
FJI,Fiji,2013," 3,618,445 "
FRA,France,2013, -   
GAB,Gabon,2013, -   
GMB,Gambia,2013," 349,268 "
GEO,Georgia,2013," 3,535,204 "
DEU,Germany,2013, -   
GHA,Ghana,2013," 3,072,323 "
GRC,Greece,2013, -   
GRD,Grenada,2013, -   
GTM,Guatemala,2013," 3,048,808 "
GIN,Guinea,2013," 11,367,265 "
GNB,Guinea-Bissau,2013," 5,442,782 "
GUY,Guyana,2013, -   
HTI,Haiti,2013," 110,739,359 "
VAT,Holy See (Vatican City State),2013, -   
HND,Honduras,2013," 2,638,136 "
HUN,Hungary,2013, -   
IND,India,2013," 18,240,560 "
IDN,Indonesia,2013," 6,657,891 "
IRN,"Iran, Islamic Republic of",2013," 16,577,568 "
IRQ,Iraq,2013," 248,663,684 "
IRL,Ireland,2013, -   
ISR,Israel,2013, -   
ITA,Italy,2013, -   
JAM,Jamaica,2013," 1,330,146 "
JPN,Japan,2013, -   
JOR,Jordan,2013," 965,047,089 "
KAZ,Kazakhstan,2013," 90,150 "
KEN,Kenya,2013," 440,256,863 "
KIR,Kiribati,2013, -   
PRK,"Korea, Democratic People's Republic of",2013," 59,612,650 "
KOR,"Korea, Republic of",2013," 174,224 "
KWT,Kuwait,2013, -   
KGZ,Kyrgyzstan,2013," 5,778,995 "
LAO,Lao People's Democratic Republic,2013," 4,290,966 "
LVA,Latvia,2013, -   
LBN,Lebanon,2013," 1,058,271,526 "
LSO,Lesotho,2013," 4,538,508 "
LBR,Liberia,2013," 15,986,097 "
LBY,Libya,2013," 10,714,974 "
LTU,Lithuania,2013, -   
MDG,Madagascar,2013," 43,156,484 "
MWI,Malawi,2013," 88,005,701 "
MYS,Malaysia,2013, -   
MDV,Maldives,2013, -   
MLI,Mali,2013," 369,670,710 "
MLT,Malta,2013, -   
MHL,Marshall Islands,2013," 6,691,124 "
MRT,Mauritania,2013," 111,062,820 "
MUS,Mauritius,2013, -   
MEX,Mexico,2013," 1,629,632 "
FSM,"Micronesia, Federated States of",2013," 3,019,737 "
MDA,"Moldova, Republic of",2013," 121,589 "
MNG,Mongolia,2013," 365,402 "
MNE,Montenegro,2013, -   
MAR,Morocco,2013," 8,864,333 "
MOZ,Mozambique,2013," 23,755,292 "
MMR,Myanmar,2013," 203,055,356 "
NAM,Namibia,2013," 4,143,868 "
NRU,Nauru,2013, -   
NPL,Nepal,2013," 9,413,666 "
NLD,Netherlands,2013, -   
NZL,New Zealand,2013, -   
NIC,Nicaragua,2013," 3,034,515 "
NER,Niger,2013," 298,696,695 "
NGA,Nigeria,2013," 28,294,230 "
NIU,Niue,2013, -   
MKD,"North Macedonia, Republic of",2013, -   
NOR,Norway,2013, -   
PSE,occupied Palestinian territory,2013," 422,769,112 "
OMN,Oman,2013, -   
PAK,Pakistan,2013," 285,559,233 "
PLW,Palau,2013," 115,927 "
PAN,Panama,2013, -   
PNG,Papua New Guinea,2013," 2,389,698 "
PRY,Paraguay,2013," 2,349,664 "
PER,Peru,2013," 4,697,214 "
PHL,Philippines,2013," 105,440,116 "
POL,Poland,2013, -   
PRT,Portugal,2013, -   
PRI,Puerto Rico (United States),2013, -   
QAT,Qatar,2013, -   
ROU,Romania,2013, -   
RUS,Russian Federation,2013," 488,662 "
RWA,Rwanda,2013," 19,475,297 "
KNA,Saint Kitts and Nevis,2013, -   
LCA,Saint Lucia,2013, -   
MAF,Saint Martin (France),2013, -   
VCT,Saint Vincent and the Grenadines,2013," 879,775 "
WSM,Samoa,2013," 1,542,799 "
SMR,San Marino,2013, -   
STP,São Tomé and Príncipe,2013, -   
SAU,Saudi Arabia,2013, -   
SEN,Senegal,2013," 23,447,221 "
SRB,Serbia,2013," 6,515 "
SYC,Seychelles,2013, -   
SLE,Sierra Leone,2013," 2,803,158 "
SGP,Singapore,2013, -   
SXM,Sint Maarten (Dutch part),2013, -   
SVK,Slovakia,2013, -   
SVN,Slovenia,2013, -   
SLB,Solomon Islands,2013," 1,844,476 "
SOM,Somalia,2013," 667,724,266 "
ZAF,South Africa,2013," 409,457 "
SSD,South Sudan,2013," 872,426,136 "
ESP,Spain,2013, -   
LKA,Sri Lanka,2013," 16,128,775 "
SDN,Sudan,2013," 655,592,759 "
SUR,Suriname,2013, -   
SWE,Sweden,2013, -   
CHE,Switzerland,2013, -   
SYR,Syrian Arab Republic,2013," 1,545,016,739 "
TWN,"Taiwan, Province of China",2013, -   
TJK,Tajikistan,2013," 3,478,548 "
TZA,"Tanzania, United Republic of",2013," 17,852,495 "
THA,Thailand,2013," 49,504,834 "
TLS,Timor-Leste,2013," 1,491,466 "
TGO,Togo,2013," 1,896,919 "
TKL,Tokelau,2013, -   
TON,Tonga,2013," 580,411 "
TTO,Trinidad and Tobago,2013, -   
TUN,Tunisia,2013," 3,131,836 "
TUR,Türkiye,2013," 205,118,774 "
TKM,Turkmenistan,2013, -   
TUV,Tuvalu,2013, -   
UGA,Uganda,2013," 56,229,081 "
UKR,Ukraine,2013," 238,669 "
ARE,United Arab Emirates,2013, -   
GBR,United Kingdom,2013, -   
USA,United States,2013, -   
URY,Uruguay,2013, -   
UZB,Uzbekistan,2013," 692,158 "
VUT,Vanuatu,2013," 1,704,757 "
VEN,"Venezuela, Bolivarian Republic of",2013," 1,500,358 "
VNM,Viet Nam,2013," 4,850,436 "
YEM,Yemen,2013," 467,509,183 "
ZMB,Zambia,2013," 2,803,535 "
ZWE,Zimbabwe,2013," 97,393,274 "
AFG,Afghanistan,2014," 522,428,226 "
ALB,Albania,2014, -   
DZA,Algeria,2014," 29,361,710 "
ASM,American Samoa,2014, -   
AGO,Angola,2014," 9,419,725 "
AIA,Anguilla (United Kingdom),2014, -   
ATG,Antigua and Barbuda,2014, -   
ARG,Argentina,2014, -   
ARM,Armenia,2014," 7,382,951 "
ABW,Aruba,2014, -   
AUS,Australia,2014, -   
AUT,Austria,2014, -   
AZE,Azerbaijan,2014," 1,047,273 "
BHS,Bahamas,2014, -   
BGD,Bangladesh,2014," 40,439,088 "
BRB,Barbados,2014, -   
BLR,Belarus,2014, -   
BEL,Belgium,2014, -   
BLZ,Belize,2014, -   
BEN,Benin,2014," 1,143,737 "
BTN,Bhutan,2014," 285,044 "
BOL,"Bolivia, Plurinational State of",2014," 9,854,349 "
BIH,Bosnia and Herzegovina,2014," 20,135,432 "
BWA,Botswana,2014, -   
BRA,Brazil,2014," 215,973 "
BGR,Bulgaria,2014, -   
BFA,Burkina Faso,2014," 80,221,687 "
BDI,Burundi,2014," 29,036,872 "
KHM,Cambodia,2014," 16,816,525 "
CMR,Cameroon,2014," 97,724,236 "
CAN,Canada,2014, -   
CPV,Cape Verde,2014," 3,108,310 "
CAF,Central African Republic,2014," 571,637,410 "
TCD,Chad,2014," 325,411,999 "
CHL,Chile,2014," 389,139 "
CHN,China,2014," 328,426 "
COL,Colombia,2014," 87,726,308 "
COM,Comoros,2014," 617,821 "
COG,Congo,2014," 6,428,553 "
COD,"Congo, The Democratic Republic of the",2014," 529,779,830 "
COK,Cook Islands,2014, -   
CRI,Costa Rica,2014," 3,482,008 "
CIV,Côte d'Ivoire,2014," 63,385,694 "
HRV,Croatia,2014," 458,394 "
CUB,Cuba,2014," 4,055,637 "
CUW,Curaçao,2014, -   
CYP,Cyprus,2014, -   
CZE,Czech Republic,2014, -   
DNK,Denmark,2014, -   
DJI,Djibouti,2014," 24,587,101 "
DMA,Dominica,2014, -   
DOM,Dominican Republic,2014," 1,482,229 "
ECU,Ecuador,2014," 9,579,448 "
EGY,Egypt,2014," 114,758,528 "
SLV,El Salvador,2014," 3,753,656 "
GNQ,Equatorial Guinea,2014," 202,688 "
ERI,Eritrea,2014," 4,147,409 "
EST,Estonia,2014, -   
SWZ,Eswatini,2014," 11,702,224 "
ETH,Ethiopia,2014," 577,009,099 "
EUI,European Commission,2014, -   
FLK,Falkland Islands (Malvinas),2014, -   
FJI,Fiji,2014, -   
FRA,France,2014, -   
GAB,Gabon,2014, -   
GMB,Gambia,2014," 5,361,938 "
GEO,Georgia,2014," 3,761,014 "
DEU,Germany,2014, -   
GHA,Ghana,2014," 15,442,521 "
GRC,Greece,2014, -   
GRD,Grenada,2014, -   
GTM,Guatemala,2014," 10,081,387 "
GIN,Guinea,2014," 403,935,932 "
GNB,Guinea-Bissau,2014," 6,530,877 "
GUY,Guyana,2014, -   
HTI,Haiti,2014," 199,260,441 "
VAT,Holy See (Vatican City State),2014, -   
HND,Honduras,2014," 10,185,526 "
HUN,Hungary,2014, -   
IND,India,2014," 30,077,021 "
IDN,Indonesia,2014," 17,486,097 "
IRN,"Iran, Islamic Republic of",2014," 10,930,366 "
IRQ,Iraq,2014," 1,438,844,048 "
IRL,Ireland,2014, -   
ISR,Israel,2014," 15,685,520 "
ITA,Italy,2014," 1,224,044 "
JAM,Jamaica,2014, -   
JPN,Japan,2014, -   
JOR,Jordan,2014," 975,893,308 "
KAZ,Kazakhstan,2014," 2,094,903 "
KEN,Kenya,2014," 278,182,503 "
KIR,Kiribati,2014, -   
PRK,"Korea, Democratic People's Republic of",2014," 32,903,188 "
KOR,"Korea, Republic of",2014," 615,654 "
KWT,Kuwait,2014, -   
KGZ,Kyrgyzstan,2014," 5,298,869 "
LAO,Lao People's Democratic Republic,2014," 5,386,999 "
LVA,Latvia,2014, -   
LBN,Lebanon,2014," 1,134,319,557 "
LSO,Lesotho,2014," 505,717 "
LBR,Liberia,2014," 1,322,867,622 "
LBY,Libya,2014," 46,065,191 "
LTU,Lithuania,2014, -   
MDG,Madagascar,2014," 19,136,724 "
MWI,Malawi,2014," 25,749,642 "
MYS,Malaysia,2014," 10,671,661 "
MDV,Maldives,2014," 450,196 "
MLI,Mali,2014," 369,679,675 "
MLT,Malta,2014, -   
MHL,Marshall Islands,2014," 142,532 "
MRT,Mauritania,2014," 83,124,856 "
MUS,Mauritius,2014, -   
MEX,Mexico,2014," 4,639,242 "
FSM,"Micronesia, Federated States of",2014," 142,532 "
MDA,"Moldova, Republic of",2014," 150,658 "
MNG,Mongolia,2014," 285,044 "
MNE,Montenegro,2014, -   
MAR,Morocco,2014," 7,811,604 "
MOZ,Mozambique,2014," 15,179,195 "
MMR,Myanmar,2014," 207,904,499 "
NAM,Namibia,2014," 570,088 "
NRU,Nauru,2014, -   
NPL,Nepal,2014," 11,758,507 "
NLD,Netherlands,2014, -   
NZL,New Zealand,2014, -   
NIC,Nicaragua,2014," 2,423,463 "
NER,Niger,2014," 283,566,173 "
NGA,Nigeria,2014," 72,540,863 "
NIU,Niue,2014, -   
MKD,"North Macedonia, Republic of",2014, -   
NOR,Norway,2014, -   
PSE,occupied Palestinian territory,2014," 916,630,977 "
OMN,Oman,2014, -   
PAK,Pakistan,2014," 330,749,078 "
PLW,Palau,2014," 35,298 "
PAN,Panama,2014," 1,312,835 "
PNG,Papua New Guinea,2014," 8,849,645 "
PRY,Paraguay,2014," 3,741,226 "
PER,Peru,2014," 191,316 "
PHL,Philippines,2014," 990,748,660 "
POL,Poland,2014, -   
PRT,Portugal,2014, -   
PRI,Puerto Rico (United States),2014, -   
QAT,Qatar,2014, -   
ROU,Romania,2014," 121,871 "
RUS,Russian Federation,2014," 10,744,314 "
RWA,Rwanda,2014," 11,198,551 "
KNA,Saint Kitts and Nevis,2014, -   
LCA,Saint Lucia,2014," 75,858 "
MAF,Saint Martin (France),2014, -   
VCT,Saint Vincent and the Grenadines,2014," 290,134 "
WSM,Samoa,2014, -   
SMR,San Marino,2014, -   
STP,São Tomé and Príncipe,2014, -   
SAU,Saudi Arabia,2014, -   
SEN,Senegal,2014," 29,064,305 "
SRB,Serbia,2014," 14,762,220 "
SYC,Seychelles,2014, -   
SLE,Sierra Leone,2014," 716,621,739 "
SGP,Singapore,2014, -   
SXM,Sint Maarten (Dutch part),2014, -   
SVK,Slovakia,2014," 209,470 "
SVN,Slovenia,2014," 114,018 "
SLB,Solomon Islands,2014," 8,327,726 "
SOM,Somalia,2014," 690,622,677 "
ZAF,South Africa,2014," 9,713,669 "
SSD,South Sudan,2014," 2,098,196,892 "
ESP,Spain,2014," 1,509,424 "
LKA,Sri Lanka,2014," 9,881,352 "
SDN,Sudan,2014," 635,135,172 "
SUR,Suriname,2014, -   
SWE,Sweden,2014, -   
CHE,Switzerland,2014, -   
SYR,Syrian Arab Republic,2014," 2,308,432,828 "
TWN,"Taiwan, Province of China",2014, -   
TJK,Tajikistan,2014," 7,445,919 "
TZA,"Tanzania, United Republic of",2014," 1,062,326 "
THA,Thailand,2014," 43,187,678 "
TLS,Timor-Leste,2014," 2,735,653 "
TGO,Togo,2014," 1,123,350 "
TKL,Tokelau,2014, -   
TON,Tonga,2014," 1,090,659 "
TTO,Trinidad and Tobago,2014, -   
TUN,Tunisia,2014," 2,955,280 "
TUR,Türkiye,2014," 500,695,966 "
TKM,Turkmenistan,2014, -   
TUV,Tuvalu,2014, -   
UGA,Uganda,2014," 186,808,732 "
UKR,Ukraine,2014," 77,441,103 "
ARE,United Arab Emirates,2014," 704,793 "
GBR,United Kingdom,2014," 280,655 "
USA,United States,2014, -   
URY,Uruguay,2014, -   
UZB,Uzbekistan,2014," 8,362,432 "
VUT,Vanuatu,2014," 581,188 "
VEN,"Venezuela, Bolivarian Republic of",2014," 1,989,180 "
VNM,Viet Nam,2014," 5,492,060 "
YEM,Yemen,2014," 427,587,706 "
ZMB,Zambia,2014," 5,731,326 "
ZWE,Zimbabwe,2014," 33,720,430 "
AFG,Afghanistan,2015," 462,270,574 "
ALB,Albania,2015," 467,060 "
DZA,Algeria,2015," 43,049,846 "
ASM,American Samoa,2015, -   
AGO,Angola,2015," 1,394,534 "
AIA,Anguilla (United Kingdom),2015, -   
ATG,Antigua and Barbuda,2015, -   
ARG,Argentina,2015," 954,839 "
ARM,Armenia,2015," 1,606,843 "
ABW,Aruba,2015, -   
AUS,Australia,2015, -   
AUT,Austria,2015," 4,176,858 "
AZE,Azerbaijan,2015," 1,237,090 "
BHS,Bahamas,2015," 56,726 "
BGD,Bangladesh,2015," 210,328,088 "
BRB,Barbados,2015," 1,599,223 "
BLR,Belarus,2015," 413,968 "
BEL,Belgium,2015, -   
BLZ,Belize,2015, -   
BEN,Benin,2015," 2,370,907 "
BTN,Bhutan,2015," 716,410 "
BOL,"Bolivia, Plurinational State of",2015," 8,733,599 "
BIH,Bosnia and Herzegovina,2015," 2,498,777 "
BWA,Botswana,2015, -   
BRA,Brazil,2015, -   
BGR,Bulgaria,2015, -   
BFA,Burkina Faso,2015," 51,628,292 "
BDI,Burundi,2015," 19,113,534 "
KHM,Cambodia,2015," 2,740,820 "
CMR,Cameroon,2015," 186,016,714 "
CAN,Canada,2015, -   
CPV,Cape Verde,2015," 110,691 "
CAF,Central African Republic,2015," 424,952,543 "
TCD,Chad,2015," 328,048,859 "
CHL,Chile,2015," 2,390,156 "
CHN,China,2015," 3,062,791 "
COL,Colombia,2015," 54,761,671 "
COM,Comoros,2015," 851,888 "
COG,Congo,2015," 1,064,001 "
COD,"Congo, The Democratic Republic of the",2015," 517,155,741 "
COK,Cook Islands,2015, -   
CRI,Costa Rica,2015, -   
CIV,Côte d'Ivoire,2015," 8,772,207 "
HRV,Croatia,2015," 242,409 "
CUB,Cuba,2015," 3,740,530 "
CUW,Curaçao,2015, -   
CYP,Cyprus,2015, -   
CZE,Czech Republic,2015, -   
DNK,Denmark,2015, -   
DJI,Djibouti,2015," 35,102,924 "
DMA,Dominica,2015," 1,214,809 "
DOM,Dominican Republic,2015," 4,707,106 "
ECU,Ecuador,2015," 7,875,067 "
EGY,Egypt,2015," 77,753,782 "
SLV,El Salvador,2015," 3,699,524 "
GNQ,Equatorial Guinea,2015, -   
ERI,Eritrea,2015," 7,286,012 "
EST,Estonia,2015, -   
SWZ,Eswatini,2015," 254,925 "
ETH,Ethiopia,2015," 519,070,585 "
EUI,European Commission,2015, -   
FLK,Falkland Islands (Malvinas),2015, -   
FJI,Fiji,2015," 934,717 "
FRA,France,2015, -   
GAB,Gabon,2015, -   
GMB,Gambia,2015," 2,138,338 "
GEO,Georgia,2015," 475,251 "
DEU,Germany,2015, -   
GHA,Ghana,2015," 10,002,386 "
GRC,Greece,2015," 3,057,583 "
GRD,Grenada,2015, -   
GTM,Guatemala,2015," 14,576,939 "
GIN,Guinea,2015," 54,368,966 "
GNB,Guinea-Bissau,2015, -   
GUY,Guyana,2015, -   
HTI,Haiti,2015," 65,537,191 "
VAT,Holy See (Vatican City State),2015, -   
HND,Honduras,2015," 8,380,239 "
HUN,Hungary,2015," 174,558 "
IND,India,2015," 7,015,715 "
IDN,Indonesia,2015," 20,402,343 "
IRN,"Iran, Islamic Republic of",2015," 9,020,145 "
IRQ,Iraq,2015," 1,210,095,140 "
IRL,Ireland,2015, -   
ISR,Israel,2015," 2,214,865 "
ITA,Italy,2015," 66,394 "
JAM,Jamaica,2015, -   
JPN,Japan,2015, -   
JOR,Jordan,2015," 1,068,067,701 "
KAZ,Kazakhstan,2015, -   
KEN,Kenya,2015," 233,560,018 "
KIR,Kiribati,2015," 271,467 "
PRK,"Korea, Democratic People's Republic of",2015," 39,244,214 "
KOR,"Korea, Republic of",2015," 512,746 "
KWT,Kuwait,2015, -   
KGZ,Kyrgyzstan,2015," 2,555,216 "
LAO,Lao People's Democratic Republic,2015," 348,292 "
LVA,Latvia,2015, -   
LBN,Lebanon,2015," 1,495,292,956 "
LSO,Lesotho,2015," 254,925 "
LBR,Liberia,2015," 284,292,514 "
LBY,Libya,2015," 22,624,417 "
LTU,Lithuania,2015, -   
MDG,Madagascar,2015," 23,301,016 "
MWI,Malawi,2015," 68,642,213 "
MYS,Malaysia,2015," 2,266,671 "
MDV,Maldives,2015, -   
MLI,Mali,2015," 239,708,603 "
MLT,Malta,2015, -   
MHL,Marshall Islands,2015," 732,607 "
MRT,Mauritania,2015," 67,644,289 "
MUS,Mauritius,2015, -   
MEX,Mexico,2015, -   
FSM,"Micronesia, Federated States of",2015," 14,746,568 "
MDA,"Moldova, Republic of",2015," 5,643 "
MNG,Mongolia,2015," 652,727 "
MNE,Montenegro,2015," 49,482 "
MAR,Morocco,2015," 3,174,306 "
MOZ,Mozambique,2015," 13,632,644 "
MMR,Myanmar,2015," 210,467,325 "
NAM,Namibia,2015, -   
NRU,Nauru,2015, -   
NPL,Nepal,2015," 600,445,673 "
NLD,Netherlands,2015, -   
NZL,New Zealand,2015, -   
NIC,Nicaragua,2015," 2,604,631 "
NER,Niger,2015," 312,065,227 "
NGA,Nigeria,2015," 179,203,148 "
NIU,Niue,2015, -   
MKD,"North Macedonia, Republic of",2015," 12,953,930 "
NOR,Norway,2015, -   
PSE,occupied Palestinian territory,2015," 675,011,424 "
OMN,Oman,2015," 8,600 "
PAK,Pakistan,2015," 271,065,425 "
PLW,Palau,2015," 92,927 "
PAN,Panama,2015," 707,603 "
PNG,Papua New Guinea,2015," 6,825,998 "
PRY,Paraguay,2015," 56,444 "
PER,Peru,2015," 5,698,459 "
PHL,Philippines,2015," 35,897,246 "
POL,Poland,2015, -   
PRT,Portugal,2015, -   
PRI,Puerto Rico (United States),2015, -   
QAT,Qatar,2015, -   
ROU,Romania,2015, -   
RUS,Russian Federation,2015," 2,769,195 "
RWA,Rwanda,2015," 64,678,400 "
KNA,Saint Kitts and Nevis,2015, -   
LCA,Saint Lucia,2015, -   
MAF,Saint Martin (France),2015, -   
VCT,Saint Vincent and the Grenadines,2015," 378,068 "
WSM,Samoa,2015, -   
SMR,San Marino,2015, -   
STP,São Tomé and Príncipe,2015, -   
SAU,Saudi Arabia,2015," 1,129 "
SEN,Senegal,2015," 28,269,644 "
SRB,Serbia,2015," 25,565,381 "
SYC,Seychelles,2015, -   
SLE,Sierra Leone,2015," 53,011,425 "
SGP,Singapore,2015, -   
SXM,Sint Maarten (Dutch part),2015, -   
SVK,Slovakia,2015," 82,973 "
SVN,Slovenia,2015, -   
SLB,Solomon Islands,2015," 920,460 "
SOM,Somalia,2015," 622,609,651 "
ZAF,South Africa,2015, -   
SSD,South Sudan,2015," 1,483,760,018 "
ESP,Spain,2015, -   
LKA,Sri Lanka,2015," 10,552,240 "
SDN,Sudan,2015," 696,108,591 "
SUR,Suriname,2015, -   
SWE,Sweden,2015, -   
CHE,Switzerland,2015, -   
SYR,Syrian Arab Republic,2015," 2,553,085,608 "
TWN,"Taiwan, Province of China",2015, -   
TJK,Tajikistan,2015," 8,141,719 "
TZA,"Tanzania, United Republic of",2015," 86,339,796 "
THA,Thailand,2015," 34,541,100 "
TLS,Timor-Leste,2015," 3,230,279 "
TGO,Togo,2015," 195,224 "
TKL,Tokelau,2015, -   
TON,Tonga,2015," 594,797 "
TTO,Trinidad and Tobago,2015, -   
TUN,Tunisia,2015," 7,545,981 "
TUR,Türkiye,2015," 510,801,267 "
TKM,Turkmenistan,2015, -   
TUV,Tuvalu,2015," 775,414 "
UGA,Uganda,2015," 141,409,690 "
UKR,Ukraine,2015," 302,902,716 "
ARE,United Arab Emirates,2015, -   
GBR,United Kingdom,2015," 23,617 "
USA,United States,2015, -   
URY,Uruguay,2015," 4,973,850 "
UZB,Uzbekistan,2015," 409,212 "
VUT,Vanuatu,2015," 42,327,245 "
VEN,"Venezuela, Bolivarian Republic of",2015," 1,379,687 "
VNM,Viet Nam,2015," 4,234,211 "
YEM,Yemen,2015," 1,957,312,033 "
ZMB,Zambia,2015," 3,725,308 "
ZWE,Zimbabwe,2015," 14,909,532 "
AFG,Afghanistan,2016," 590,291,577 "
ALB,Albania,2016," 69,925 "
DZA,Algeria,2016," 30,560,799 "
ASM,American Samoa,2016, -   
AGO,Angola,2016," 14,510,020 "
AIA,Anguilla (United Kingdom),2016, -   
ATG,Antigua and Barbuda,2016, -   
ARG,Argentina,2016, -   
ARM,Armenia,2016," 3,446,281 "
ABW,Aruba,2016, -   
AUS,Australia,2016, -   
AUT,Austria,2016, -   
AZE,Azerbaijan,2016," 656,863 "
BHS,Bahamas,2016," 841,263 "
BGD,Bangladesh,2016," 208,839,679 "
BRB,Barbados,2016, -   
BLR,Belarus,2016, -   
BEL,Belgium,2016," 884,656 "
BLZ,Belize,2016," 244,417 "
BEN,Benin,2016," 1,330,114 "
BTN,Bhutan,2016," 385,029 "
BOL,"Bolivia, Plurinational State of",2016," 7,196,433 "
BIH,Bosnia and Herzegovina,2016," 2,778,309 "
BWA,Botswana,2016, -   
BRA,Brazil,2016," 1,489,543 "
BGR,Bulgaria,2016," 36,311 "
BFA,Burkina Faso,2016," 83,792,900 "
BDI,Burundi,2016," 95,212,608 "
KHM,Cambodia,2016," 15,902,266 "
CMR,Cameroon,2016," 219,106,071 "
CAN,Canada,2016," 55,884 "
CPV,Cape Verde,2016," 5,968 "
CAF,Central African Republic,2016," 295,215,436 "
TCD,Chad,2016," 333,091,862 "
CHL,Chile,2016, -   
CHN,China,2016," 894,144 "
COL,Colombia,2016," 64,760,604 "
COM,Comoros,2016," 134,395 "
COG,Congo,2016," 28,273,960 "
COD,"Congo, The Democratic Republic of the",2016," 535,741,900 "
COK,Cook Islands,2016, -   
CRI,Costa Rica,2016," 2,041,397 "
CIV,Côte d'Ivoire,2016," 19,333,129 "
HRV,Croatia,2016," 1,242,571 "
CUB,Cuba,2016," 8,524,616 "
CUW,Curaçao,2016, -   
CYP,Cyprus,2016, -   
CZE,Czech Republic,2016, -   
DNK,Denmark,2016," 11,176,799 "
DJI,Djibouti,2016," 33,567,872 "
DMA,Dominica,2016," 188,506 "
DOM,Dominican Republic,2016," 2,851,259 "
ECU,Ecuador,2016," 57,406,255 "
EGY,Egypt,2016," 105,654,658 "
SLV,El Salvador,2016," 5,699,042 "
GNQ,Equatorial Guinea,2016, -   
ERI,Eritrea,2016," 10,226,709 "
EST,Estonia,2016, -   
SWZ,Eswatini,2016," 23,598,376 "
ETH,Ethiopia,2016," 1,472,623,573 "
EUI,European Commission,2016, -   
FLK,Falkland Islands (Malvinas),2016, -   
FJI,Fiji,2016," 50,566,420 "
FRA,France,2016, -   
GAB,Gabon,2016, -   
GMB,Gambia,2016," 2,773,012 "
GEO,Georgia,2016," 1,831,284 "
DEU,Germany,2016, -   
GHA,Ghana,2016," 811,104 "
GRC,Greece,2016," 523,566,479 "
GRD,Grenada,2016, -   
GTM,Guatemala,2016," 22,294,786 "
GIN,Guinea,2016," 16,547,342 "
GNB,Guinea-Bissau,2016," 1,445,471 "
GUY,Guyana,2016, -   
HTI,Haiti,2016," 266,936,460 "
VAT,Holy See (Vatican City State),2016, -   
HND,Honduras,2016," 9,105,013 "
HUN,Hungary,2016, -   
IND,India,2016," 22,704,325 "
IDN,Indonesia,2016," 20,727,339 "
IRN,"Iran, Islamic Republic of",2016," 29,220,541 "
IRQ,Iraq,2016," 2,187,381,133 "
IRL,Ireland,2016, -   
ISR,Israel,2016," 1,003,029 "
ITA,Italy,2016," 38,534 "
JAM,Jamaica,2016," 120,892 "
JPN,Japan,2016, -   
JOR,Jordan,2016," 1,069,598,244 "
KAZ,Kazakhstan,2016," 5,383,761 "
KEN,Kenya,2016," 236,302,030 "
KIR,Kiribati,2016, -   
PRK,"Korea, Democratic People's Republic of",2016," 49,149,315 "
KOR,"Korea, Republic of",2016," 424,192 "
KWT,Kuwait,2016, -   
KGZ,Kyrgyzstan,2016," 2,326,332 "
LAO,Lao People's Democratic Republic,2016," 2,487,520 "
LVA,Latvia,2016, -   
LBN,Lebanon,2016," 1,554,697,536 "
LSO,Lesotho,2016," 30,442,067 "
LBR,Liberia,2016," 20,240,431 "
LBY,Libya,2016," 122,222,426 "
LTU,Lithuania,2016, -   
MDG,Madagascar,2016," 69,649,378 "
MWI,Malawi,2016," 181,875,894 "
MYS,Malaysia,2016," 642,789 "
MDV,Maldives,2016," 112,990 "
MLI,Mali,2016," 247,535,818 "
MLT,Malta,2016," 276,941 "
MHL,Marshall Islands,2016," 3,191,972 "
MRT,Mauritania,2016," 42,147,325 "
MUS,Mauritius,2016, -   
MEX,Mexico,2016, -   
FSM,"Micronesia, Federated States of",2016," 29,291,079 "
MDA,"Moldova, Republic of",2016, -   
MNG,Mongolia,2016," 9,141,873 "
MNE,Montenegro,2016, -   
MAR,Morocco,2016," 1,877,735 "
MOZ,Mozambique,2016," 85,830,555 "
MMR,Myanmar,2016," 211,319,109 "
NAM,Namibia,2016," 1,117,680 "
NRU,Nauru,2016, -   
NPL,Nepal,2016," 23,187,535 "
NLD,Netherlands,2016," 576,723 "
NZL,New Zealand,2016, -   
NIC,Nicaragua,2016," 3,072,238 "
NER,Niger,2016," 216,634,944 "
NGA,Nigeria,2016," 538,466,040 "
NIU,Niue,2016, -   
MKD,"North Macedonia, Republic of",2016," 51,717,912 "
NOR,Norway,2016, -   
PSE,occupied Palestinian territory,2016," 768,857,242 "
OMN,Oman,2016, -   
PAK,Pakistan,2016," 301,118,432 "
PLW,Palau,2016," 358,563 "
PAN,Panama,2016," 4,061,063 "
PNG,Papua New Guinea,2016," 19,543,090 "
PRY,Paraguay,2016," 3,597,102 "
PER,Peru,2016," 1,871,193 "
PHL,Philippines,2016," 29,100,318 "
POL,Poland,2016, -   
PRT,Portugal,2016," 55,884 "
PRI,Puerto Rico (United States),2016, -   
QAT,Qatar,2016, -   
ROU,Romania,2016, -   
RUS,Russian Federation,2016, -   
RWA,Rwanda,2016," 66,960,781 "
KNA,Saint Kitts and Nevis,2016, -   
LCA,Saint Lucia,2016, -   
MAF,Saint Martin (France),2016, -   
VCT,Saint Vincent and the Grenadines,2016," 150,470 "
WSM,Samoa,2016, -   
SMR,San Marino,2016, -   
STP,São Tomé and Príncipe,2016, -   
SAU,Saudi Arabia,2016, -   
SEN,Senegal,2016," 12,843,643 "
SRB,Serbia,2016," 32,559,353 "
SYC,Seychelles,2016, -   
SLE,Sierra Leone,2016," 29,096,123 "
SGP,Singapore,2016, -   
SXM,Sint Maarten (Dutch part),2016, -   
SVK,Slovakia,2016, -   
SVN,Slovenia,2016," 2,156,269 "
SLB,Solomon Islands,2016," 1,978,362 "
SOM,Somalia,2016," 777,023,211 "
ZAF,South Africa,2016," 6,064,635 "
SSD,South Sudan,2016," 1,518,163,430 "
ESP,Spain,2016, -   
LKA,Sri Lanka,2016," 15,562,465 "
SDN,Sudan,2016," 726,552,369 "
SUR,Suriname,2016, -   
SWE,Sweden,2016, -   
CHE,Switzerland,2016," 8,890,722 "
SYR,Syrian Arab Republic,2016," 2,905,466,823 "
TWN,"Taiwan, Province of China",2016," 1,422,593 "
TJK,Tajikistan,2016," 23,085,898 "
TZA,"Tanzania, United Republic of",2016," 153,755,351 "
THA,Thailand,2016," 23,763,860 "
TLS,Timor-Leste,2016," 5,852,741 "
TGO,Togo,2016," 408,106 "
TKL,Tokelau,2016, -   
TON,Tonga,2016," 818,484 "
TTO,Trinidad and Tobago,2016, -   
TUN,Tunisia,2016," 2,901,011 "
TUR,Türkiye,2016," 779,390,717 "
TKM,Turkmenistan,2016, -   
TUV,Tuvalu,2016, -   
UGA,Uganda,2016," 168,320,033 "
UKR,Ukraine,2016," 244,733,582 "
ARE,United Arab Emirates,2016," 782,376 "
GBR,United Kingdom,2016," 136,197 "
USA,United States,2016," 116,318 "
URY,Uruguay,2016," 55,884 "
UZB,Uzbekistan,2016," 196,439 "
VUT,Vanuatu,2016," 4,095,967 "
VEN,"Venezuela, Bolivarian Republic of",2016," 2,801,045 "
VNM,Viet Nam,2016," 10,679,642 "
YEM,Yemen,2016," 2,005,964,453 "
ZMB,Zambia,2016," 7,182,751 "
ZWE,Zimbabwe,2016," 265,546,871 "
AFG,Afghanistan,2017," 439,051,885 "
ALB,Albania,2017," 332,010 "
DZA,Algeria,2017," 29,330,947 "
ASM,American Samoa,2017, -   
AGO,Angola,2017," 20,719,645 "
AIA,Anguilla (United Kingdom),2017, -   
ATG,Antigua and Barbuda,2017," 7,182,583 "
ARG,Argentina,2017," 723,103 "
ARM,Armenia,2017," 994,278 "
ABW,Aruba,2017, -   
AUS,Australia,2017, -   
AUT,Austria,2017, -   
AZE,Azerbaijan,2017," 1,236,592 "
BHS,Bahamas,2017," 128,568 "
BGD,Bangladesh,2017," 607,754,678 "
BRB,Barbados,2017," 92,235 "
BLR,Belarus,2017," 437,239 "
BEL,Belgium,2017," 843,421 "
BLZ,Belize,2017, -   
BEN,Benin,2017," 2,351,224 "
BTN,Bhutan,2017," 976,437 "
BOL,"Bolivia, Plurinational State of",2017," 3,365,276 "
BIH,Bosnia and Herzegovina,2017," 2,240,684 "
BWA,Botswana,2017, -   
BRA,Brazil,2017," 57,533 "
BGR,Bulgaria,2017, -   
BFA,Burkina Faso,2017," 53,941,991 "
BDI,Burundi,2017," 66,928,464 "
KHM,Cambodia,2017," 5,862,648 "
CMR,Cameroon,2017," 162,410,070 "
CAN,Canada,2017," 54,843 "
CPV,Cape Verde,2017," 1,496,501 "
CAF,Central African Republic,2017," 304,456,334 "
TCD,Chad,2017," 310,357,458 "
CHL,Chile,2017," 11,975,348 "
CHN,China,2017," 365,283 "
COL,Colombia,2017," 46,868,419 "
COM,Comoros,2017," 134,269 "
COG,Congo,2017," 18,356,958 "
COD,"Congo, The Democratic Republic of the",2017," 628,961,568 "
COK,Cook Islands,2017, -   
CRI,Costa Rica,2017," 12,768,566 "
CIV,Côte d'Ivoire,2017," 427,312 "
HRV,Croatia,2017, -   
CUB,Cuba,2017," 22,241,059 "
CUW,Curaçao,2017, -   
CYP,Cyprus,2017, -   
CZE,Czech Republic,2017, -   
DNK,Denmark,2017, -   
DJI,Djibouti,2017," 21,817,272 "
DMA,Dominica,2017," 33,857,381 "
DOM,Dominican Republic,2017," 1,507,134 "
ECU,Ecuador,2017," 2,455,509 "
EGY,Egypt,2017," 79,170,584 "
SLV,El Salvador,2017," 166,120 "
GNQ,Equatorial Guinea,2017, -   
ERI,Eritrea,2017," 3,879,399 "
EST,Estonia,2017, -   
SWZ,Eswatini,2017," 7,529,364 "
ETH,Ethiopia,2017," 1,061,918,012 "
EUI,European Commission,2017, -   
FLK,Falkland Islands (Malvinas),2017, -   
FJI,Fiji,2017," 929,778 "
FRA,France,2017, -   
GAB,Gabon,2017, -   
GMB,Gambia,2017," 680,319 "
GEO,Georgia,2017, -   
DEU,Germany,2017," 1,052,174 "
GHA,Ghana,2017," 598,830 "
GRC,Greece,2017," 368,575,328 "
GRD,Grenada,2017, -   
GTM,Guatemala,2017," 13,910,475 "
GIN,Guinea,2017," 3,819,083 "
GNB,Guinea-Bissau,2017," 2,236,567 "
GUY,Guyana,2017, -   
HTI,Haiti,2017," 135,661,714 "
VAT,Holy See (Vatican City State),2017, -   
HND,Honduras,2017," 6,464,848 "
HUN,Hungary,2017, -   
IND,India,2017," 1,493,200 "
IDN,Indonesia,2017," 12,641,081 "
IRN,"Iran, Islamic Republic of",2017," 31,847,406 "
IRQ,Iraq,2017," 1,617,258,180 "
IRL,Ireland,2017, -   
ISR,Israel,2017," 106,537 "
ITA,Italy,2017," 43,706 "
JAM,Jamaica,2017," 320,554 "
JPN,Japan,2017, -   
JOR,Jordan,2017," 807,939,630 "
KAZ,Kazakhstan,2017," 684,577 "
KEN,Kenya,2017," 379,970,449 "
KIR,Kiribati,2017," 223,362 "
PRK,"Korea, Democratic People's Republic of",2017," 43,652,929 "
KOR,"Korea, Republic of",2017," 397,865 "
KWT,Kuwait,2017, -   
KGZ,Kyrgyzstan,2017," 623,649 "
LAO,Lao People's Democratic Republic,2017," 836,299 "
LVA,Latvia,2017, -   
LBN,Lebanon,2017," 1,255,902,560 "
LSO,Lesotho,2017," 6,443,899 "
LBR,Liberia,2017," 3,676,363 "
LBY,Libya,2017," 166,199,579 "
LTU,Lithuania,2017, -   
MDG,Madagascar,2017," 64,918,676 "
MWI,Malawi,2017," 58,433,525 "
MYS,Malaysia,2017," 622,018 "
MDV,Maldives,2017," 134,269 "
MLI,Mali,2017," 212,010,109 "
MLT,Malta,2017, -   
MHL,Marshall Islands,2017," 391,744 "
MRT,Mauritania,2017," 33,822,555 "
MUS,Mauritius,2017, -   
MEX,Mexico,2017," 11,996,626 "
FSM,"Micronesia, Federated States of",2017," 15,669,695 "
MDA,"Moldova, Republic of",2017," 40,089 "
MNG,Mongolia,2017," 3,916,493 "
MNE,Montenegro,2017," 30,553 "
MAR,Morocco,2017," 3,025,207 "
MOZ,Mozambique,2017," 54,811,142 "
MMR,Myanmar,2017," 191,029,369 "
NAM,Namibia,2017," 274,216 "
NRU,Nauru,2017, -   
NPL,Nepal,2017," 27,203,771 "
NLD,Netherlands,2017, -   
NZL,New Zealand,2017, -   
NIC,Nicaragua,2017," 1,186,173 "
NER,Niger,2017," 313,073,383 "
NGA,Nigeria,2017," 1,067,807,108 "
NIU,Niue,2017, -   
MKD,"North Macedonia, Republic of",2017," 1,710,772 "
NOR,Norway,2017, -   
PSE,occupied Palestinian territory,2017," 367,760,195 "
OMN,Oman,2017, -   
PAK,Pakistan,2017," 152,669,570 "
PLW,Palau,2017," 350,709 "
PAN,Panama,2017," 7,389,071 "
PNG,Papua New Guinea,2017," 3,821,469 "
PRY,Paraguay,2017," 2,180,720 "
PER,Peru,2017," 27,286,930 "
PHL,Philippines,2017," 34,184,409 "
POL,Poland,2017," 117,936 "
PRT,Portugal,2017," 234,481 "
PRI,Puerto Rico (United States),2017," 406,388 "
QAT,Qatar,2017, -   
ROU,Romania,2017, -   
RUS,Russian Federation,2017," 386,543 "
RWA,Rwanda,2017," 24,549,431 "
KNA,Saint Kitts and Nevis,2017," 553,401 "
LCA,Saint Lucia,2017, -   
MAF,Saint Martin (France),2017," 109,686 "
VCT,Saint Vincent and the Grenadines,2017, -   
WSM,Samoa,2017, -   
SMR,San Marino,2017, -   
STP,São Tomé and Príncipe,2017, -   
SAU,Saudi Arabia,2017, -   
SEN,Senegal,2017," 7,620,873 "
SRB,Serbia,2017," 25,370,950 "
SYC,Seychelles,2017, -   
SLE,Sierra Leone,2017," 15,101,552 "
SGP,Singapore,2017, -   
SXM,Sint Maarten (Dutch part),2017," 109,686 "
SVK,Slovakia,2017, -   
SVN,Slovenia,2017, -   
SLB,Solomon Islands,2017," 626,862 "
SOM,Somalia,2017," 1,509,886,060 "
ZAF,South Africa,2017," 2,097,376 "
SSD,South Sudan,2017," 1,622,223,761 "
ESP,Spain,2017, -   
LKA,Sri Lanka,2017," 13,226,730 "
SDN,Sudan,2017," 615,788,931 "
SUR,Suriname,2017, -   
SWE,Sweden,2017, -   
CHE,Switzerland,2017, -   
SYR,Syrian Arab Republic,2017," 2,708,624,032 "
TWN,"Taiwan, Province of China",2017, -   
TJK,Tajikistan,2017," 67,275,168 "
TZA,"Tanzania, United Republic of",2017," 100,657,772 "
THA,Thailand,2017," 5,232,399 "
TLS,Timor-Leste,2017," 4,771,353 "
TGO,Togo,2017," 1,790,751 "
TKL,Tokelau,2017, -   
TON,Tonga,2017," 548,763 "
TTO,Trinidad and Tobago,2017, -   
TUN,Tunisia,2017," 1,488,299 "
TUR,Türkiye,2017," 600,075,854 "
TKM,Turkmenistan,2017, -   
TUV,Tuvalu,2017, -   
UGA,Uganda,2017," 386,616,723 "
UKR,Ukraine,2017," 174,615,485 "
ARE,United Arab Emirates,2017, -   
GBR,United Kingdom,2017, -   
USA,United States,2017," 13,040 "
URY,Uruguay,2017, -   
UZB,Uzbekistan,2017, -   
VUT,Vanuatu,2017," 1,265,373 "
VEN,"Venezuela, Bolivarian Republic of",2017," 2,923,576 "
VNM,Viet Nam,2017," 8,861,385 "
YEM,Yemen,2017," 2,645,321,280 "
ZMB,Zambia,2017," 2,190,913 "
ZWE,Zimbabwe,2017," 88,682,047 "
AFG,Afghanistan,2018," 567,060,229 "
ALB,Albania,2018," 206,496 "
DZA,Algeria,2018," 31,706,788 "
ASM,American Samoa,2018, -   
AGO,Angola,2018," 9,249,509 "
AIA,Anguilla (United Kingdom),2018," 618,107 "
ATG,Antigua and Barbuda,2018," 5,284,582 "
ARG,Argentina,2018," 198,489 "
ARM,Armenia,2018," 1,842 "
ABW,Aruba,2018, -   
AUS,Australia,2018, -   
AUT,Austria,2018, -   
AZE,Azerbaijan,2018," 690,036 "
BHS,Bahamas,2018, -   
BGD,Bangladesh,2018," 847,552,308 "
BRB,Barbados,2018," 2,214,420 "
BLR,Belarus,2018," 340,795 "
BEL,Belgium,2018, -   
BLZ,Belize,2018, -   
BEN,Benin,2018," 2,719,708 "
BTN,Bhutan,2018, -   
BOL,"Bolivia, Plurinational State of",2018," 1,708,382 "
BIH,Bosnia and Herzegovina,2018," 4,187,316 "
BWA,Botswana,2018, -   
BRA,Brazil,2018," 10,490,285 "
BGR,Bulgaria,2018, -   
BFA,Burkina Faso,2018," 79,029,975 "
BDI,Burundi,2018," 105,959,060 "
KHM,Cambodia,2018," 3,698,444 "
CMR,Cameroon,2018," 190,671,073 "
CAN,Canada,2018, -   
CPV,Cape Verde,2018," 628,582 "
CAF,Central African Republic,2018," 336,777,104 "
TCD,Chad,2018," 301,417,380 "
CHL,Chile,2018," 268,801 "
CHN,China,2018, -   
COL,Colombia,2018," 135,523,625 "
COM,Comoros,2018," 192,971 "
COG,Congo,2018," 16,576,176 "
COD,"Congo, The Democratic Republic of the",2018," 1,099,147,786 "
COK,Cook Islands,2018, -   
CRI,Costa Rica,2018," 7,097,154 "
CIV,Côte d'Ivoire,2018," 320,017 "
HRV,Croatia,2018, -   
CUB,Cuba,2018," 1,236,641 "
CUW,Curaçao,2018," 39,006 "
CYP,Cyprus,2018, -   
CZE,Czech Republic,2018, -   
DNK,Denmark,2018, -   
DJI,Djibouti,2018," 12,001,388 "
DMA,Dominica,2018," 52,207 "
DOM,Dominican Republic,2018," 2,169,950 "
ECU,Ecuador,2018," 16,826,464 "
EGY,Egypt,2018," 69,380,481 "
SLV,El Salvador,2018," 2,842,647 "
GNQ,Equatorial Guinea,2018, -   
ERI,Eritrea,2018," 12,806,010 "
EST,Estonia,2018, -   
SWZ,Eswatini,2018," 6,390,352 "
ETH,Ethiopia,2018," 931,224,694 "
EUI,European Commission,2018, -   
FLK,Falkland Islands (Malvinas),2018, -   
FJI,Fiji,2018," 1,154,220 "
FRA,France,2018, -   
GAB,Gabon,2018, -   
GMB,Gambia,2018," 2,579,353 "
GEO,Georgia,2018," 637,066 "
DEU,Germany,2018, -   
GHA,Ghana,2018," 1,123,162 "
GRC,Greece,2018," 264,163,324 "
GRD,Grenada,2018, -   
GTM,Guatemala,2018," 34,116,864 "
GIN,Guinea,2018," 2,233,550 "
GNB,Guinea-Bissau,2018," 2,439,368 "
GUY,Guyana,2018," 203,018 "
HTI,Haiti,2018," 84,400,782 "
VAT,Holy See (Vatican City State),2018, -   
HND,Honduras,2018," 11,418,918 "
HUN,Hungary,2018, -   
IND,India,2018," 9,062,458 "
IDN,Indonesia,2018," 65,249,820 "
IRN,"Iran, Islamic Republic of",2018," 19,378,288 "
IRQ,Iraq,2018," 1,337,716,589 "
IRL,Ireland,2018, -   
ISR,Israel,2018, -   
ITA,Italy,2018," 2,008,868 "
JAM,Jamaica,2018, -   
JPN,Japan,2018," 570,112 "
JOR,Jordan,2018," 743,569,688 "
KAZ,Kazakhstan,2018, -   
KEN,Kenya,2018," 229,381,052 "
KIR,Kiribati,2018, -   
PRK,"Korea, Democratic People's Republic of",2018," 40,984,359 "
KOR,"Korea, Republic of",2018," 396,963 "
KWT,Kuwait,2018, -   
KGZ,Kyrgyzstan,2018," 29,193 "
LAO,Lao People's Democratic Republic,2018," 9,962,202 "
LVA,Latvia,2018," 16,822 "
LBN,Lebanon,2018," 1,191,143,587 "
LSO,Lesotho,2018," 1,237,844 "
LBR,Liberia,2018," 3,026,456 "
LBY,Libya,2018," 143,552,230 "
LTU,Lithuania,2018, -   
MDG,Madagascar,2018," 37,832,556 "
MWI,Malawi,2018," 28,221,068 "
MYS,Malaysia,2018," 369,704 "
MDV,Maldives,2018," 113,896 "
MLI,Mali,2018," 265,338,935 "
MLT,Malta,2018, -   
MHL,Marshall Islands,2018," 36,365 "
MRT,Mauritania,2018," 85,661,063 "
MUS,Mauritius,2018, -   
MEX,Mexico,2018," 22,139,085 "
FSM,"Micronesia, Federated States of",2018," 3,897,931 "
MDA,"Moldova, Republic of",2018, -   
MNG,Mongolia,2018," 1,113,285 "
MNE,Montenegro,2018, -   
MAR,Morocco,2018," 1,744,894 "
MOZ,Mozambique,2018," 18,325,653 "
MMR,Myanmar,2018," 201,007,597 "
NAM,Namibia,2018," 875,953 "
NRU,Nauru,2018, -   
NPL,Nepal,2018," 9,073,769 "
NLD,Netherlands,2018, -   
NZL,New Zealand,2018, -   
NIC,Nicaragua,2018," 3,235,252 "
NER,Niger,2018," 291,489,091 "
NGA,Nigeria,2018," 802,321,722 "
NIU,Niue,2018, -   
MKD,"North Macedonia, Republic of",2018," 32,027 "
NOR,Norway,2018, -   
PSE,occupied Palestinian territory,2018," 357,997,542 "
OMN,Oman,2018, -   
PAK,Pakistan,2018," 116,665,766 "
PLW,Palau,2018," 216,809 "
PAN,Panama,2018," 5,159,212 "
PNG,Papua New Guinea,2018," 22,791,097 "
PRY,Paraguay,2018, -   
PER,Peru,2018," 16,577,091 "
PHL,Philippines,2018," 46,944,708 "
POL,Poland,2018, -   
PRT,Portugal,2018, -   
PRI,Puerto Rico (United States),2018," 1,081 "
QAT,Qatar,2018, -   
ROU,Romania,2018, -   
RUS,Russian Federation,2018," 335,734 "
RWA,Rwanda,2018," 20,222,597 "
KNA,Saint Kitts and Nevis,2018, -   
LCA,Saint Lucia,2018, -   
MAF,Saint Martin (France),2018, -   
VCT,Saint Vincent and the Grenadines,2018, -   
WSM,Samoa,2018," 405,881 "
SMR,San Marino,2018, -   
STP,São Tomé and Príncipe,2018, -   
SAU,Saudi Arabia,2018, -   
SEN,Senegal,2018," 12,793,490 "
SRB,Serbia,2018," 825,753 "
SYC,Seychelles,2018, -   
SLE,Sierra Leone,2018," 3,563,256 "
SGP,Singapore,2018, -   
SXM,Sint Maarten (Dutch part),2018, -   
SVK,Slovakia,2018, -   
SVN,Slovenia,2018, -   
SLB,Solomon Islands,2018," 535,635 "
SOM,Somalia,2018," 1,310,823,040 "
ZAF,South Africa,2018," 255,007 "
SSD,South Sudan,2018," 1,453,768,763 "
ESP,Spain,2018, -   
LKA,Sri Lanka,2018," 2,505,146 "
SDN,Sudan,2018," 786,954,714 "
SUR,Suriname,2018, -   
SWE,Sweden,2018, -   
CHE,Switzerland,2018," 102,236 "
SYR,Syrian Arab Republic,2018," 2,667,455,387 "
TWN,"Taiwan, Province of China",2018, -   
TJK,Tajikistan,2018," 2,678,821 "
TZA,"Tanzania, United Republic of",2018," 50,046,060 "
THA,Thailand,2018," 1,376,044 "
TLS,Timor-Leste,2018," 1,499,778 "
TGO,Togo,2018," 1,803,571 "
TKL,Tokelau,2018, -   
TON,Tonga,2018," 15,171,592 "
TTO,Trinidad and Tobago,2018," 2,217,652 "
TUN,Tunisia,2018," 2,597,609 "
TUR,Türkiye,2018," 1,222,955,895 "
TKM,Turkmenistan,2018, -   
TUV,Tuvalu,2018, -   
UGA,Uganda,2018," 337,577,917 "
UKR,Ukraine,2018," 161,770,746 "
ARE,United Arab Emirates,2018," 32,002 "
GBR,United Kingdom,2018, -   
USA,United States,2018, -   
URY,Uruguay,2018," 90,400 "
UZB,Uzbekistan,2018, -   
VUT,Vanuatu,2018," 4,204,982 "
VEN,"Venezuela, Bolivarian Republic of",2018," 30,637,195 "
VNM,Viet Nam,2018," 1,468,817 "
YEM,Yemen,2018," 5,251,383,649 "
ZMB,Zambia,2018," 8,601,492 "
ZWE,Zimbabwe,2018," 82,549,889 "
AFG,Afghanistan,2019," 627,860,198 "
ALB,Albania,2019," 5,296,771 "
DZA,Algeria,2019," 23,883,852 "
ASM,American Samoa,2019," 168,391 "
AGO,Angola,2019," 10,363,069 "
AIA,Anguilla (United Kingdom),2019, -   
ATG,Antigua and Barbuda,2019, -   
ARG,Argentina,2019," 6,415,102 "
ARM,Armenia,2019," 88,990 "
ABW,Aruba,2019," 949,250 "
AUS,Australia,2019, -   
AUT,Austria,2019, -   
AZE,Azerbaijan,2019," 622,496 "
BHS,Bahamas,2019," 31,981,450 "
BGD,Bangladesh,2019," 883,303,659 "
BRB,Barbados,2019, -   
BLR,Belarus,2019," 3,217 "
BEL,Belgium,2019, -   
BLZ,Belize,2019, -   
BEN,Benin,2019," 1,951,606 "
BTN,Bhutan,2019, -   
BOL,"Bolivia, Plurinational State of",2019," 2,647,579 "
BIH,Bosnia and Herzegovina,2019," 8,496,498 "
BWA,Botswana,2019," 497,861 "
BRA,Brazil,2019," 48,176,434 "
BGR,Bulgaria,2019, -   
BFA,Burkina Faso,2019," 130,471,436 "
BDI,Burundi,2019," 92,330,635 "
KHM,Cambodia,2019," 6,300,758 "
CMR,Cameroon,2019," 201,238,232 "
CAN,Canada,2019, -   
CPV,Cape Verde,2019, -   
CAF,Central African Republic,2019," 362,643,111 "
TCD,Chad,2019," 339,052,961 "
CHL,Chile,2019," 2,082,986 "
CHN,China,2019, -   
COL,Colombia,2019," 333,526,526 "
COM,Comoros,2019," 5,158,099 "
COG,Congo,2019," 23,020,712 "
COD,"Congo, The Democratic Republic of the",2019," 1,257,689,218 "
COK,Cook Islands,2019, -   
CRI,Costa Rica,2019," 4,608,503 "
CIV,Côte d'Ivoire,2019," 2,359,269 "
HRV,Croatia,2019, -   
CUB,Cuba,2019," 3,627,619 "
CUW,Curaçao,2019," 224,792 "
CYP,Cyprus,2019, -   
CZE,Czech Republic,2019, -   
DNK,Denmark,2019, -   
DJI,Djibouti,2019," 30,117,824 "
DMA,Dominica,2019, -   
DOM,Dominican Republic,2019," 484,290 "
ECU,Ecuador,2019," 65,829,257 "
EGY,Egypt,2019," 74,155,319 "
SLV,El Salvador,2019," 2,729,146 "
GNQ,Equatorial Guinea,2019, -   
ERI,Eritrea,2019," 10,322,506 "
EST,Estonia,2019, -   
SWZ,Eswatini,2019," 2,424,762 "
ETH,Ethiopia,2019," 902,698,846 "
EUI,European Commission,2019, -   
FLK,Falkland Islands (Malvinas),2019," 270,150 "
FJI,Fiji,2019," 631,744 "
FRA,France,2019, -   
GAB,Gabon,2019, -   
GMB,Gambia,2019," 1,388,882 "
GEO,Georgia,2019, -   
DEU,Germany,2019, -   
GHA,Ghana,2019," 542,721 "
GRC,Greece,2019," 2,628,288 "
GRD,Grenada,2019, -   
GTM,Guatemala,2019," 24,020,068 "
GIN,Guinea,2019," 3,920,906 "
GNB,Guinea-Bissau,2019," 1,460,587 "
GUY,Guyana,2019," 3,576,687 "
HTI,Haiti,2019," 82,443,091 "
VAT,Holy See (Vatican City State),2019, -   
HND,Honduras,2019," 5,709,774 "
HUN,Hungary,2019, -   
IND,India,2019," 7,869,246 "
IDN,Indonesia,2019," 32,954,170 "
IRN,"Iran, Islamic Republic of",2019," 29,588,967 "
IRQ,Iraq,2019," 1,300,035,468 "
IRL,Ireland,2019, -   
ISR,Israel,2019, -   
ITA,Italy,2019," 2,005,025 "
JAM,Jamaica,2019, -   
JPN,Japan,2019," 263,111 "
JOR,Jordan,2019," 726,672,971 "
KAZ,Kazakhstan,2019, -   
KEN,Kenya,2019," 229,748,738 "
KIR,Kiribati,2019," 38,158 "
PRK,"Korea, Democratic People's Republic of",2019," 49,500,009 "
KOR,"Korea, Republic of",2019," 299,506 "
KWT,Kuwait,2019," 949,519 "
KGZ,Kyrgyzstan,2019," 1,186,449 "
LAO,Lao People's Democratic Republic,2019," 8,086,751 "
LVA,Latvia,2019, -   
LBN,Lebanon,2019," 1,322,172,389 "
LSO,Lesotho,2019," 11,598,670 "
LBR,Liberia,2019," 606,183 "
LBY,Libya,2019," 145,532,288 "
LTU,Lithuania,2019, -   
MDG,Madagascar,2019," 51,853,663 "
MWI,Malawi,2019," 68,243,692 "
MYS,Malaysia,2019," 2,397,661 "
MDV,Maldives,2019," 220,397 "
MLI,Mali,2019," 268,226,819 "
MLT,Malta,2019, -   
MHL,Marshall Islands,2019," 623,293 "
MRT,Mauritania,2019," 55,985,104 "
MUS,Mauritius,2019," 10,713,367 "
MEX,Mexico,2019," 3,294,679 "
FSM,"Micronesia, Federated States of",2019," 11,926,606 "
MDA,"Moldova, Republic of",2019," 31,450 "
MNG,Mongolia,2019," 1,373,208 "
MNE,Montenegro,2019, -   
MAR,Morocco,2019," 2,608,186 "
MOZ,Mozambique,2019," 418,736,552 "
MMR,Myanmar,2019," 256,476,462 "
NAM,Namibia,2019," 2,422,529 "
NRU,Nauru,2019, -   
NPL,Nepal,2019," 10,760,691 "
NLD,Netherlands,2019, -   
NZL,New Zealand,2019, -   
NIC,Nicaragua,2019," 3,370,712 "
NER,Niger,2019," 296,512,105 "
NGA,Nigeria,2019," 792,660,698 "
NIU,Niue,2019, -   
MKD,"North Macedonia, Republic of",2019, -   
NOR,Norway,2019, -   
PSE,occupied Palestinian territory,2019," 414,278,309 "
OMN,Oman,2019, -   
PAK,Pakistan,2019," 129,870,395 "
PLW,Palau,2019," 1,191,600 "
PAN,Panama,2019," 4,551,036 "
PNG,Papua New Guinea,2019," 293,378 "
PRY,Paraguay,2019," 2,712,081 "
PER,Peru,2019," 46,292,571 "
PHL,Philippines,2019," 28,910,994 "
POL,Poland,2019, -   
PRT,Portugal,2019, -   
PRI,Puerto Rico (United States),2019, -   
QAT,Qatar,2019, -   
ROU,Romania,2019, -   
RUS,Russian Federation,2019," 373,498 "
RWA,Rwanda,2019," 34,985,883 "
KNA,Saint Kitts and Nevis,2019, -   
LCA,Saint Lucia,2019, -   
MAF,Saint Martin (France),2019, -   
VCT,Saint Vincent and the Grenadines,2019, -   
WSM,Samoa,2019," 4,145,478 "
SMR,San Marino,2019, -   
STP,São Tomé and Príncipe,2019, -   
SAU,Saudi Arabia,2019, -   
SEN,Senegal,2019," 5,494,129 "
SRB,Serbia,2019," 334,444 "
SYC,Seychelles,2019, -   
SLE,Sierra Leone,2019," 5,402,747 "
SGP,Singapore,2019, -   
SXM,Sint Maarten (Dutch part),2019, -   
SVK,Slovakia,2019, -   
SVN,Slovenia,2019, -   
SLB,Solomon Islands,2019," 538,522 "
SOM,Somalia,2019," 1,103,181,652 "
ZAF,South Africa,2019," 58,724 "
SSD,South Sudan,2019," 1,423,745,932 "
ESP,Spain,2019, -   
LKA,Sri Lanka,2019," 6,179,784 "
SDN,Sudan,2019," 712,753,773 "
SUR,Suriname,2019, -   
SWE,Sweden,2019, -   
CHE,Switzerland,2019, -   
SYR,Syrian Arab Republic,2019," 2,749,785,083 "
TWN,"Taiwan, Province of China",2019," 210,489 "
TJK,Tajikistan,2019," 3,228,532 "
TZA,"Tanzania, United Republic of",2019," 51,093,615 "
THA,Thailand,2019," 23,431,760 "
TLS,Timor-Leste,2019," 1,840,486 "
TGO,Togo,2019," 2,142,067 "
TKL,Tokelau,2019, -   
TON,Tonga,2019," 49,118 "
TTO,Trinidad and Tobago,2019," 6,218,647 "
TUN,Tunisia,2019," 2,174,343 "
TUR,Türkiye,2019," 1,027,180,210 "
TKM,Turkmenistan,2019, -   
TUV,Tuvalu,2019," 51,947 "
UGA,Uganda,2019," 248,697,993 "
UKR,Ukraine,2019," 174,980,879 "
ARE,United Arab Emirates,2019, -   
GBR,United Kingdom,2019, -   
USA,United States,2019, -   
URY,Uruguay,2019," 807,989 "
UZB,Uzbekistan,2019," 248,999 "
VUT,Vanuatu,2019," 766,795 "
VEN,"Venezuela, Bolivarian Republic of",2019," 192,554,056 "
VNM,Viet Nam,2019," 4,048,440 "
YEM,Yemen,2019," 4,173,187,124 "
ZMB,Zambia,2019," 6,217,135 "
ZWE,Zimbabwe,2019," 298,876,594 "
AFG,Afghanistan,2020," 780,419,021 "
ALB,Albania,2020," 12,220,144 "
DZA,Algeria,2020," 36,390,437 "
ASM,American Samoa,2020, -   
AGO,Angola,2020," 20,510,376 "
AIA,Anguilla (United Kingdom),2020, -   
ATG,Antigua and Barbuda,2020," 690,250 "
ARG,Argentina,2020," 15,918,010 "
ARM,Armenia,2020," 12,296,138 "
ABW,Aruba,2020," 1,348,461 "
AUS,Australia,2020," 103,991 "
AUT,Austria,2020, -   
AZE,Azerbaijan,2020," 7,507,231 "
BHS,Bahamas,2020," 4,791,320 "
BGD,Bangladesh,2020," 857,708,491 "
BRB,Barbados,2020," 2,049,827 "
BLR,Belarus,2020," 4,029,541 "
BEL,Belgium,2020, -   
BLZ,Belize,2020," 1,717,800 "
BEN,Benin,2020," 7,594,766 "
BTN,Bhutan,2020," 7,793,932 "
BOL,"Bolivia, Plurinational State of",2020," 10,718,578 "
BIH,Bosnia and Herzegovina,2020," 26,620,115 "
BWA,Botswana,2020," 6,145,109 "
BRA,Brazil,2020," 70,995,719 "
BGR,Bulgaria,2020," 1,533,414 "
BFA,Burkina Faso,2020," 329,152,498 "
BDI,Burundi,2020," 116,732,620 "
KHM,Cambodia,2020," 38,716,983 "
CMR,Cameroon,2020," 239,593,551 "
CAN,Canada,2020, -   
CPV,Cape Verde,2020," 693,634 "
CAF,Central African Republic,2020," 455,902,141 "
TCD,Chad,2020," 328,711,500 "
CHL,Chile,2020," 12,247,639 "
CHN,China,2020," 16,517,996 "
COL,Colombia,2020," 526,236,459 "
COM,Comoros,2020," 5,338,756 "
COG,Congo,2020," 19,743,891 "
COD,"Congo, The Democratic Republic of the",2020," 1,231,732,527 "
COK,Cook Islands,2020," 1,298,003 "
CRI,Costa Rica,2020," 11,053,232 "
CIV,Côte d'Ivoire,2020," 11,679,744 "
HRV,Croatia,2020," 3,537,016 "
CUB,Cuba,2020," 5,042,983 "
CUW,Curaçao,2020," 207,978 "
CYP,Cyprus,2020," 1,097,100 "
CZE,Czech Republic,2020, -   
DNK,Denmark,2020," 460,620 "
DJI,Djibouti,2020," 35,578,591 "
DMA,Dominica,2020," 1,890,097 "
DOM,Dominican Republic,2020," 14,060,881 "
ECU,Ecuador,2020," 129,756,146 "
EGY,Egypt,2020," 96,927,810 "
SLV,El Salvador,2020," 20,036,172 "
GNQ,Equatorial Guinea,2020," 883,489 "
ERI,Eritrea,2020," 14,756,892 "
EST,Estonia,2020, -   
SWZ,Eswatini,2020," 6,517,022 "
ETH,Ethiopia,2020," 1,093,056,043 "
EUI,European Commission,2020, -   
FLK,Falkland Islands (Malvinas),2020, -   
FJI,Fiji,2020," 40,550,901 "
FRA,France,2020, -   
GAB,Gabon,2020," 10,282,876 "
GMB,Gambia,2020," 2,388,681 "
GEO,Georgia,2020," 2,102,362 "
DEU,Germany,2020, -   
GHA,Ghana,2020," 20,216,340 "
GRC,Greece,2020," 43,172,804 "
GRD,Grenada,2020," 327,171 "
GTM,Guatemala,2020," 57,499,408 "
GIN,Guinea,2020," 11,679,726 "
GNB,Guinea-Bissau,2020," 19,882,353 "
GUY,Guyana,2020," 10,878,738 "
HTI,Haiti,2020," 166,465,499 "
VAT,Holy See (Vatican City State),2020, -   
HND,Honduras,2020," 47,994,845 "
HUN,Hungary,2020, -   
IND,India,2020," 20,462,710 "
IDN,Indonesia,2020," 46,254,699 "
IRN,"Iran, Islamic Republic of",2020," 114,760,637 "
IRQ,Iraq,2020," 1,184,843,333 "
IRL,Ireland,2020, -   
ISR,Israel,2020," 988,201 "
ITA,Italy,2020," 3,553,242 "
JAM,Jamaica,2020," 3,557,807 "
JPN,Japan,2020, -   
JOR,Jordan,2020," 874,620,548 "
KAZ,Kazakhstan,2020," 14,157,436 "
KEN,Kenya,2020," 207,672,278 "
KIR,Kiribati,2020," 615,503 "
PRK,"Korea, Democratic People's Republic of",2020," 38,469,693 "
KOR,"Korea, Republic of",2020," 276,344 "
KWT,Kuwait,2020," 34,245 "
KGZ,Kyrgyzstan,2020," 15,771,598 "
LAO,Lao People's Democratic Republic,2020," 27,533,060 "
LVA,Latvia,2020, -   
LBN,Lebanon,2020," 1,879,185,676 "
LSO,Lesotho,2020," 16,899,305 "
LBR,Liberia,2020," 14,071,320 "
LBY,Libya,2020," 230,727,062 "
LTU,Lithuania,2020, -   
MDG,Madagascar,2020," 57,271,230 "
MWI,Malawi,2020," 39,567,687 "
MYS,Malaysia,2020," 6,355,079 "
MDV,Maldives,2020," 15,703,912 "
MLI,Mali,2020," 357,149,072 "
MLT,Malta,2020, -   
MHL,Marshall Islands,2020," 1,654,276 "
MRT,Mauritania,2020," 82,612,997 "
MUS,Mauritius,2020," 2,414,038 "
MEX,Mexico,2020," 11,149,592 "
FSM,"Micronesia, Federated States of",2020," 22,728,755 "
MDA,"Moldova, Republic of",2020," 4,524,967 "
MNG,Mongolia,2020," 22,860,374 "
MNE,Montenegro,2020," 2,655,645 "
MAR,Morocco,2020," 11,830,986 "
MOZ,Mozambique,2020," 179,956,307 "
MMR,Myanmar,2020," 315,638,696 "
NAM,Namibia,2020," 8,090,452 "
NRU,Nauru,2020," 1,032,487 "
NPL,Nepal,2020," 33,487,546 "
NLD,Netherlands,2020," 2,612,321 "
NZL,New Zealand,2020, -   
NIC,Nicaragua,2020," 20,280,408 "
NER,Niger,2020," 494,446,565 "
NGA,Nigeria,2020," 864,883,604 "
NIU,Niue,2020," 520,331 "
MKD,"North Macedonia, Republic of",2020," 3,953,722 "
NOR,Norway,2020, -   
PSE,occupied Palestinian territory,2020," 449,804,263 "
OMN,Oman,2020," 230,270 "
PAK,Pakistan,2020," 163,639,803 "
PLW,Palau,2020," 2,842,776 "
PAN,Panama,2020," 24,772,082 "
PNG,Papua New Guinea,2020," 26,308,927 "
PRY,Paraguay,2020," 11,380,607 "
PER,Peru,2020," 98,180,453 "
PHL,Philippines,2020," 70,668,538 "
POL,Poland,2020, -   
PRT,Portugal,2020, -   
PRI,Puerto Rico (United States),2020, -   
QAT,Qatar,2020, -   
ROU,Romania,2020," 2,496,119 "
RUS,Russian Federation,2020, -   
RWA,Rwanda,2020," 31,176,789 "
KNA,Saint Kitts and Nevis,2020," 327,171 "
LCA,Saint Lucia,2020," 428,674 "
MAF,Saint Martin (France),2020, -   
VCT,Saint Vincent and the Grenadines,2020," 1,385,339 "
WSM,Samoa,2020," 12,559,341 "
SMR,San Marino,2020," 184,366 "
STP,São Tomé and Príncipe,2020," 1,363,232 "
SAU,Saudi Arabia,2020," 262,143 "
SEN,Senegal,2020," 24,203,320 "
SRB,Serbia,2020," 24,610,475 "
SYC,Seychelles,2020," 2,057,063 "
SLE,Sierra Leone,2020," 35,545,212 "
SGP,Singapore,2020," 122,785 "
SXM,Sint Maarten (Dutch part),2020, -   
SVK,Slovakia,2020, -   
SVN,Slovenia,2020, -   
SLB,Solomon Islands,2020," 4,255,773 "
SOM,Somalia,2020," 1,174,951,688 "
ZAF,South Africa,2020," 9,562,396 "
SSD,South Sudan,2020," 1,583,257,824 "
ESP,Spain,2020," 60,955 "
LKA,Sri Lanka,2020," 20,473,330 "
SDN,Sudan,2020," 1,073,799,709 "
SUR,Suriname,2020," 517,944 "
SWE,Sweden,2020, -   
CHE,Switzerland,2020," 20,898,434 "
SYR,Syrian Arab Republic,2020," 3,087,397,098 "
TWN,"Taiwan, Province of China",2020," 155,987 "
TJK,Tajikistan,2020," 21,192,829 "
TZA,"Tanzania, United Republic of",2020," 66,351,554 "
THA,Thailand,2020," 44,817,198 "
TLS,Timor-Leste,2020," 12,254,281 "
TGO,Togo,2020," 7,176,373 "
TKL,Tokelau,2020," 599,262 "
TON,Tonga,2020," 3,984,066 "
TTO,Trinidad and Tobago,2020," 8,965,051 "
TUN,Tunisia,2020," 29,390,709 "
TUR,Türkiye,2020," 1,035,627,913 "
TKM,Turkmenistan,2020," 6,669,003 "
TUV,Tuvalu,2020," 1,368,527 "
UGA,Uganda,2020," 260,235,132 "
UKR,Ukraine,2020," 242,372,081 "
ARE,United Arab Emirates,2020," 185,310 "
GBR,United Kingdom,2020," 307,276 "
USA,United States,2020," 14,035,158 "
URY,Uruguay,2020," 3,182,977 "
UZB,Uzbekistan,2020," 13,520,894 "
VUT,Vanuatu,2020," 14,467,715 "
VEN,"Venezuela, Bolivarian Republic of",2020," 285,079,650 "
VNM,Viet Nam,2020," 18,550,944 "
YEM,Yemen,2020," 2,400,686,175 "
ZMB,Zambia,2020," 45,413,182 "
ZWE,Zimbabwe,2020," 282,704,920 "
AFG,Afghanistan,2021," 2,094,061,736 "
ALB,Albania,2021," 2,855,607 "
DZA,Algeria,2021," 39,364,818 "
ASM,American Samoa,2021, -   
AGO,Angola,2021," 11,245,845 "
AIA,Anguilla (United Kingdom),2021, -   
ATG,Antigua and Barbuda,2021," 194,187 "
ARG,Argentina,2021," 11,820,376 "
ARM,Armenia,2021," 12,750,028 "
ABW,Aruba,2021," 648,075 "
AUS,Australia,2021, -   
AUT,Austria,2021, -   
AZE,Azerbaijan,2021," 16,242,733 "
BHS,Bahamas,2021," 399,088 "
BGD,Bangladesh,2021," 770,653,045 "
BRB,Barbados,2021," 233,894 "
BLR,Belarus,2021," 587,594 "
BEL,Belgium,2021, -   
BLZ,Belize,2021," 687,000 "
BEN,Benin,2021," 2,200,194 "
BTN,Bhutan,2021, -   
BOL,"Bolivia, Plurinational State of",2021," 4,989,558 "
BIH,Bosnia and Herzegovina,2021," 107,504,415 "
BWA,Botswana,2021," 921,441 "
BRA,Brazil,2021," 60,830,181 "
BGR,Bulgaria,2021," 104,041 "
BFA,Burkina Faso,2021," 387,992,840 "
BDI,Burundi,2021," 97,421,690 "
KHM,Cambodia,2021," 27,606,529 "
CMR,Cameroon,2021," 243,272,380 "
CAN,Canada,2021, -   
CPV,Cape Verde,2021," 127,201 "
CAF,Central African Republic,2021," 542,546,614 "
TCD,Chad,2021," 286,437,086 "
CHL,Chile,2021," 11,672,086 "
CHN,China,2021, -   
COL,Colombia,2021," 465,140,104 "
COM,Comoros,2021," 4,662,716 "
COG,Congo,2021," 12,521,963 "
COD,"Congo, The Democratic Republic of the",2021," 1,139,585,157 "
COK,Cook Islands,2021," 154,550 "
CRI,Costa Rica,2021," 16,570,462 "
CIV,Côte d'Ivoire,2021," 2,656,861 "
HRV,Croatia,2021," 857,730 "
CUB,Cuba,2021," 1,192,889 "
CUW,Curaçao,2021," 114,012 "
CYP,Cyprus,2021, -   
CZE,Czech Republic,2021," 212,089 "
DNK,Denmark,2021, -   
DJI,Djibouti,2021," 25,560,665 "
DMA,Dominica,2021, -   
DOM,Dominican Republic,2021," 6,548,852 "
ECU,Ecuador,2021," 88,477,463 "
EGY,Egypt,2021," 105,333,585 "
SLV,El Salvador,2021," 32,911,059 "
GNQ,Equatorial Guinea,2021," 1,310,575 "
ERI,Eritrea,2021," 10,048,533 "
EST,Estonia,2021, -   
SWZ,Eswatini,2021," 11,503,429 "
ETH,Ethiopia,2021," 1,719,031,537 "
EUI,European Commission,2021, -   
FLK,Falkland Islands (Malvinas),2021, -   
FJI,Fiji,2021," 9,907,175 "
FRA,France,2021, -   
GAB,Gabon,2021, -   
GMB,Gambia,2021," 3,642,633 "
GEO,Georgia,2021," 246,812 "
DEU,Germany,2021, -   
GHA,Ghana,2021," 4,253,014 "
GRC,Greece,2021," 1,157,636 "
GRD,Grenada,2021, -   
GTM,Guatemala,2021," 118,584,871 "
GIN,Guinea,2021," 18,202,852 "
GNB,Guinea-Bissau,2021," 2,263,668 "
GUY,Guyana,2021," 2,265,694 "
HTI,Haiti,2021," 206,277,793 "
VAT,Holy See (Vatican City State),2021," 605,327 "
HND,Honduras,2021," 143,341,176 "
HUN,Hungary,2021," 220,507 "
IND,India,2021," 178,125,915 "
IDN,Indonesia,2021," 37,799,535 "
IRN,"Iran, Islamic Republic of",2021," 99,319,954 "
IRQ,Iraq,2021," 842,661,701 "
IRL,Ireland,2021, -   
ISR,Israel,2021, -   
ITA,Italy,2021," 220,751 "
JAM,Jamaica,2021," 1,000,000 "
JPN,Japan,2021, -   
JOR,Jordan,2021," 578,443,709 "
KAZ,Kazakhstan,2021," 1,123,730 "
KEN,Kenya,2021," 213,671,136 "
KIR,Kiribati,2021," 281,127 "
PRK,"Korea, Democratic People's Republic of",2021," 10,036,248 "
KOR,"Korea, Republic of",2021," 603,132 "
KWT,Kuwait,2021, -   
KGZ,Kyrgyzstan,2021," 12,996,365 "
LAO,Lao People's Democratic Republic,2021," 25,957,600 "
LVA,Latvia,2021, -   
LBN,Lebanon,2021," 1,106,223,815 "
LSO,Lesotho,2021," 7,045,790 "
LBR,Liberia,2021," 3,784,224 "
LBY,Libya,2021," 201,913,347 "
LTU,Lithuania,2021," 224,046 "
MDG,Madagascar,2021," 149,458,535 "
MWI,Malawi,2021," 13,878,456 "
MYS,Malaysia,2021," 13,470,295 "
MDV,Maldives,2021," 51,765 "
MLI,Mali,2021," 371,634,115 "
MLT,Malta,2021, -   
MHL,Marshall Islands,2021," 16,781,280 "
MRT,Mauritania,2021," 125,829,788 "
MUS,Mauritius,2021," 894,739 "
MEX,Mexico,2021," 84,204,563 "
FSM,"Micronesia, Federated States of",2021, -   
MDA,"Moldova, Republic of",2021, -   
MNG,Mongolia,2021," 13,591,597 "
MNE,Montenegro,2021," 232,120 "
MAR,Morocco,2021," 822,394 "
MOZ,Mozambique,2021," 311,438,029 "
MMR,Myanmar,2021," 341,499,140 "
NAM,Namibia,2021," 1,955,424 "
NRU,Nauru,2021, -   
NPL,Nepal,2021," 38,760,672 "
NLD,Netherlands,2021," 2,089,417 "
NZL,New Zealand,2021," 2,106,430 "
NIC,Nicaragua,2021," 27,379,477 "
NER,Niger,2021," 497,250,270 "
NGA,Nigeria,2021," 822,212,623 "
NIU,Niue,2021, -   
MKD,"North Macedonia, Republic of",2021," 381,447 "
NOR,Norway,2021," 615,082 "
PSE,occupied Palestinian territory,2021," 699,983,909 "
OMN,Oman,2021, -   
PAK,Pakistan,2021," 185,204,735 "
PLW,Palau,2021," 290,817 "
PAN,Panama,2021," 10,587,336 "
PNG,Papua New Guinea,2021," 8,279,644 "
PRY,Paraguay,2021," 824,091 "
PER,Peru,2021," 118,532,259 "
PHL,Philippines,2021," 30,851,590 "
POL,Poland,2021," 57,965 "
PRT,Portugal,2021, -   
PRI,Puerto Rico (United States),2021, -   
QAT,Qatar,2021, -   
ROU,Romania,2021," 290,150 "
RUS,Russian Federation,2021, -   
RWA,Rwanda,2021," 31,190,365 "
KNA,Saint Kitts and Nevis,2021, -   
LCA,Saint Lucia,2021, -   
MAF,Saint Martin (France),2021, -   
VCT,Saint Vincent and the Grenadines,2021," 10,398,472 "
WSM,Samoa,2021," 96,882 "
SMR,San Marino,2021," 177,872 "
STP,São Tomé and Príncipe,2021, -   
SAU,Saudi Arabia,2021, -   
SEN,Senegal,2021," 10,723,653 "
SRB,Serbia,2021," 5,344,080 "
SYC,Seychelles,2021, -   
SLE,Sierra Leone,2021," 8,180,957 "
SGP,Singapore,2021," 119,333 "
SXM,Sint Maarten (Dutch part),2021, -   
SVK,Slovakia,2021, -   
SVN,Slovenia,2021, -   
SLB,Solomon Islands,2021," 500,000 "
SOM,Somalia,2021," 1,163,868,793 "
ZAF,South Africa,2021," 1,283,907 "
SSD,South Sudan,2021," 1,503,975,330 "
ESP,Spain,2021," 55,000 "
LKA,Sri Lanka,2021," 10,201,523 "
SDN,Sudan,2021," 965,207,195 "
SUR,Suriname,2021," 15,723 "
SWE,Sweden,2021, -   
CHE,Switzerland,2021," 28,382,482 "
SYR,Syrian Arab Republic,2021," 2,621,880,799 "
TWN,"Taiwan, Province of China",2021, -   
TJK,Tajikistan,2021," 7,091,444 "
TZA,"Tanzania, United Republic of",2021," 34,065,454 "
THA,Thailand,2021," 57,673,714 "
TLS,Timor-Leste,2021," 18,136,624 "
TGO,Togo,2021," 1,182,291 "
TKL,Tokelau,2021," 353,884 "
TON,Tonga,2021, -   
TTO,Trinidad and Tobago,2021," 5,698,707 "
TUN,Tunisia,2021," 33,756,993 "
TUR,Türkiye,2021," 1,175,380,675 "
TKM,Turkmenistan,2021," 2,071,804 "
TUV,Tuvalu,2021," 223,661 "
UGA,Uganda,2021," 257,416,961 "
UKR,Ukraine,2021," 183,824,380 "
ARE,United Arab Emirates,2021," 271,115 "
GBR,United Kingdom,2021," 290,150 "
USA,United States,2021," 19,902,531 "
URY,Uruguay,2021," 1,866,665 "
UZB,Uzbekistan,2021," 104,041 "
VUT,Vanuatu,2021," 889,298 "
VEN,"Venezuela, Bolivarian Republic of",2021," 332,502,600 "
VNM,Viet Nam,2021," 11,486,416 "
YEM,Yemen,2021," 3,283,559,309 "
ZMB,Zambia,2021," 27,368,548 "
ZWE,Zimbabwe,2021," 163,699,551 "
AFG,Afghanistan,2022," 3,884,881,535 "
ALB,Albania,2022," 2,653,575 "
DZA,Algeria,2022," 35,566,803 "
ASM,American Samoa,2022, -   
AGO,Angola,2022," 18,546,994 "
AIA,Anguilla (United Kingdom),2022, -   
ATG,Antigua and Barbuda,2022, -   
ARG,Argentina,2022," 7,599,133 "
ARM,Armenia,2022," 7,985,377 "
ABW,Aruba,2022," 2,257,550 "
AUS,Australia,2022, -   
AUT,Austria,2022, -   
AZE,Azerbaijan,2022," 6,686,041 "
BHS,Bahamas,2022, -   
BGD,Bangladesh,2022," 633,810,121 "
BRB,Barbados,2022," 2,085,651 "
BLR,Belarus,2022," 24,086,867 "
BEL,Belgium,2022, -   
BLZ,Belize,2022," 2,965,218 "
BEN,Benin,2022," 3,753,174 "
BTN,Bhutan,2022, -   
BOL,"Bolivia, Plurinational State of",2022," 4,426,584 "
BIH,Bosnia and Herzegovina,2022," 10,550,604 "
BWA,Botswana,2022," 2,737,988 "
BRA,Brazil,2022," 34,060,480 "
BGR,Bulgaria,2022," 9,762,664 "
BFA,Burkina Faso,2022," 421,132,531 "
BDI,Burundi,2022," 103,466,228 "
KHM,Cambodia,2022," 14,854,389 "
CMR,Cameroon,2022," 255,022,866 "
CAN,Canada,2022, -   
CPV,Cape Verde,2022," 677,391 "
CAF,Central African Republic,2022," 529,667,791 "
TCD,Chad,2022," 363,593,001 "
CHL,Chile,2022," 11,493,774 "
CHN,China,2022, -   
COL,Colombia,2022," 443,294,071 "
COM,Comoros,2022," 1,005,203 "
COG,Congo,2022," 20,508,527 "
COD,"Congo, The Democratic Republic of the",2022," 1,073,776,468 "
COK,Cook Islands,2022, -   
CRI,Costa Rica,2022," 21,279,676 "
CIV,Côte d'Ivoire,2022," 4,618,072 "
HRV,Croatia,2022," 1,009,233 "
CUB,Cuba,2022," 10,266,013 "
CUW,Curaçao,2022," 1,274,020 "
CYP,Cyprus,2022," 1,027,979 "
CZE,Czech Republic,2022," 3,738,107 "
DNK,Denmark,2022," 7,014,657 "
DJI,Djibouti,2022," 52,007,008 "
DMA,Dominica,2022, -   
DOM,Dominican Republic,2022," 8,941,453 "
ECU,Ecuador,2022," 92,114,417 "
EGY,Egypt,2022," 170,735,744 "
SLV,El Salvador,2022," 41,398,025 "
GNQ,Equatorial Guinea,2022," 1,642,735 "
ERI,Eritrea,2022," 8,960,731 "
EST,Estonia,2022, -   
SWZ,Eswatini,2022," 6,851,064 "
ETH,Ethiopia,2022," 2,167,077,427 "
EUI,European Commission,2022, -   
FLK,Falkland Islands (Malvinas),2022, -   
FJI,Fiji,2022," 9,348,444 "
FRA,France,2022," 4,750 "
GAB,Gabon,2022," 3,585,190 "
GMB,Gambia,2022," 8,112,613 "
GEO,Georgia,2022," 5,357,847 "
DEU,Germany,2022, -   
GHA,Ghana,2022," 8,698,319 "
GRC,Greece,2022," 2,729,046 "
GRD,Grenada,2022, -   
GTM,Guatemala,2022," 85,545,265 "
GIN,Guinea,2022," 23,307,051 "
GNB,Guinea-Bissau,2022," 7,366,465 "
GUY,Guyana,2022," 4,674,453 "
HTI,Haiti,2022," 200,762,532 "
VAT,Holy See (Vatican City State),2022, -   
HND,Honduras,2022," 92,123,371 "
HUN,Hungary,2022," 32,254,243 "
IND,India,2022," 17,557,018 "
IDN,Indonesia,2022," 26,509,130 "
IRN,"Iran, Islamic Republic of",2022," 34,428,073 "
IRQ,Iraq,2022," 545,653,904 "
IRL,Ireland,2022, -   
ISR,Israel,2022, -   
ITA,Italy,2022," 710,464 "
JAM,Jamaica,2022, -   
JPN,Japan,2022," 304,727 "
JOR,Jordan,2022," 594,189,286 "
KAZ,Kazakhstan,2022," 810,308 "
KEN,Kenya,2022," 461,417,345 "
KIR,Kiribati,2022," 266,972 "
PRK,"Korea, Democratic People's Republic of",2022," 2,693,504 "
KOR,"Korea, Republic of",2022, -   
KWT,Kuwait,2022, -   
KGZ,Kyrgyzstan,2022," 4,555,357 "
LAO,Lao People's Democratic Republic,2022," 8,505,193 "
LVA,Latvia,2022, -   
LBN,Lebanon,2022," 1,347,011,514 "
LSO,Lesotho,2022," 7,972,252 "
LBR,Liberia,2022," 6,211,445 "
LBY,Libya,2022," 158,616,145 "
LTU,Lithuania,2022," 2,006,528 "
MDG,Madagascar,2022," 198,996,122 "
MWI,Malawi,2022," 49,975,283 "
MYS,Malaysia,2022," 5,719,798 "
MDV,Maldives,2022," 878,406 "
MLI,Mali,2022," 385,343,831 "
MLT,Malta,2022," 467,263 "
MHL,Marshall Islands,2022," 1,630,106 "
MRT,Mauritania,2022," 78,332,258 "
MUS,Mauritius,2022," 2,856,638 "
MEX,Mexico,2022," 91,078,871 "
FSM,"Micronesia, Federated States of",2022," 2,594,358 "
MDA,"Moldova, Republic of",2022," 222,506,426 "
MNG,Mongolia,2022," 1,036,314 "
MNE,Montenegro,2022," 469,284 "
MAR,Morocco,2022," 7,202,793 "
MOZ,Mozambique,2022," 335,691,423 "
MMR,Myanmar,2022," 423,600,009 "
NAM,Namibia,2022," 4,505,557 "
NRU,Nauru,2022, -   
NPL,Nepal,2022," 17,707,915 "
NLD,Netherlands,2022," 3,163,054 "
NZL,New Zealand,2022, -   
NIC,Nicaragua,2022," 10,410,058 "
NER,Niger,2022," 547,702,098 "
NGA,Nigeria,2022," 863,224,338 "
NIU,Niue,2022," 107,708 "
MKD,"North Macedonia, Republic of",2022," 1,497,327 "
NOR,Norway,2022, -   
PSE,occupied Palestinian territory,2022," 579,787,587 "
OMN,Oman,2022," 7,220,947 "
PAK,Pakistan,2022," 517,488,613 "
PLW,Palau,2022," 799,020 "
PAN,Panama,2022," 29,689,727 "
PNG,Papua New Guinea,2022," 7,660,898 "
PRY,Paraguay,2022," 747,622 "
PER,Peru,2022," 101,120,588 "
PHL,Philippines,2022," 111,341,048 "
POL,Poland,2022," 298,624,173 "
PRT,Portugal,2022, -   
PRI,Puerto Rico (United States),2022, -   
QAT,Qatar,2022, -   
ROU,Romania,2022," 123,684,706 "
RUS,Russian Federation,2022," 1,265,843 "
RWA,Rwanda,2022," 50,536,450 "
KNA,Saint Kitts and Nevis,2022, 625 
LCA,Saint Lucia,2022," 14,565 "
MAF,Saint Martin (France),2022, -   
VCT,Saint Vincent and the Grenadines,2022," 760,078 "
WSM,Samoa,2022, -   
SMR,San Marino,2022, -   
STP,São Tomé and Príncipe,2022," 15,088 "
SAU,Saudi Arabia,2022, -   
SEN,Senegal,2022," 15,006,764 "
SRB,Serbia,2022," 3,092,233 "
SYC,Seychelles,2022, -   
SLE,Sierra Leone,2022," 13,895,714 "
SGP,Singapore,2022," 41,787 "
SXM,Sint Maarten (Dutch part),2022, -   
SVK,Slovakia,2022," 65,840,846 "
SVN,Slovenia,2022, -   
SLB,Solomon Islands,2022," 852,738 "
SOM,Somalia,2022," 1,889,967,269 "
ZAF,South Africa,2022," 14,019,644 "
SSD,South Sudan,2022," 1,445,859,921 "
ESP,Spain,2022, -   
LKA,Sri Lanka,2022," 158,040,236 "
SDN,Sudan,2022," 1,169,144,942 "
SUR,Suriname,2022," 234,296 "
SWE,Sweden,2022, -   
CHE,Switzerland,2022," 62,382,460 "
SYR,Syrian Arab Republic,2022," 2,486,617,120 "
TWN,"Taiwan, Province of China",2022," 280,358 "
TJK,Tajikistan,2022," 4,852,426 "
TZA,"Tanzania, United Republic of",2022," 82,988,807 "
THA,Thailand,2022," 36,546,851 "
TLS,Timor-Leste,2022," 6,293,725 "
TGO,Togo,2022," 3,796,460 "
TKL,Tokelau,2022, -   
TON,Tonga,2022," 9,849,515 "
TTO,Trinidad and Tobago,2022," 4,394,360 "
TUN,Tunisia,2022," 21,476,015 "
TUR,Türkiye,2022," 833,396,677 "
TKM,Turkmenistan,2022, -   
TUV,Tuvalu,2022," 71,476 "
UGA,Uganda,2022," 341,076,969 "
UKR,Ukraine,2022," 4,390,010,847 "
ARE,United Arab Emirates,2022," 550,533 "
GBR,United Kingdom,2022," 44,903 "
USA,United States,2022," 21,242,617 "
URY,Uruguay,2022," 745,606 "
UZB,Uzbekistan,2022," 6,597,401 "
VUT,Vanuatu,2022, -   
VEN,"Venezuela, Bolivarian Republic of",2022," 347,406,481 "
VNM,Viet Nam,2022," 14,272,347 "
YEM,Yemen,2022," 2,671,671,219 "
ZMB,Zambia,2022," 11,464,447 "
ZWE,Zimbabwe,2022," 98,971,454 "
